{"loss": [1.3848638534545898, 0.47914549708366394, 0.2937386929988861, 0.20873215794563293, 0.15345792472362518, 0.1170838475227356, 0.09503190219402313, 0.07920060306787491, 0.07221435010433197, 0.0618879571557045], "accuracy": [0.5993677377700806, 0.8486970663070679, 0.9064070582389832, 0.9313449859619141, 0.9492802023887634, 0.9613083600997925, 0.9682103991508484, 0.9743945002555847, 0.9762081503868103, 0.9796969890594482], "val_loss": [0.610779345035553, 0.3177057206630707, 0.27683025598526, 0.1876230090856552, 0.20023857057094574, 0.13776744902133942, 0.15752409398555756, 0.17365413904190063, 0.18456792831420898, 0.21121954917907715], "val_accuracy": [0.816426694393158, 0.9009321928024292, 0.9135087132453918, 0.9402062892913818, 0.9383308291435242, 0.9582988619804382, 0.9573059678077698, 0.95267254114151, 0.9495835304260254, 0.9488112926483154]}